pica_p	pica_p_uf	marc21
003@	$0	001003 DE-627035 $a(DE-627)
003S	$0	001003 DE-576035 $a(DE-576)
001A	$0	008 Pos. 00-05 (nur Datum)
001B	$t	005
001B	$0	005 (nur Datum)
002@	$0	006007008264935 $s951 $a
002C	$2	007336 $2
002C	$3	007336 $3
002C	$X	007336 $8
002C	$b	007336 $b
002C	$a	007336 $a
002D	$2	007337 $2
002D	$3	007337 $3
002D	$X	007337 $8
002D	$b	007008337 $b
002D	$a	007337 $a
002E	$2	007338 $2
002E	$3	007338 $3
002E	$X	007338 $8
002E	$b	006007008338 $b
002E	$a	007338 $a
016B	$a	935 $a
011@	$b	008 Pos. 11-14264 $c
011@	$n	264 $c
011@	$r	008 Pos. 11-14534 $c
011@	$a	008 Pos. 7-10264 $c
016A	$0	007
016E	$0	007
011F	$n	264 $c
011F	$o	264 $c
013G	$9	655 $0(DE-627)
013G	$7	655 $0(DE-588)
013G	$a	007655 $a
013D	$9	655 $0(DE-627)
013D	$2	655 $2gnd-content
013D	$7	655 $0(DE-588)
013D	$x	655 $x
013D	$y	655 $y
013D	$z	655 $z
013D	$a	006007008655 $a
013E	$9	348 $0(DE-627)
013E	$2	348 $2gnd-music
013E	$7	348 $0(DE-588)
013E	$a	348 $a
013F	$9	385 $0(DE-627)
013F	$2	385 $2
013F	$7	385 $0(DE-588)
013F	$a	385 $a
013H	$a	006007008090935 $c
010@	$a	008041 $a
010@	$c	041 $h
010E	$e	040 $e
010E	$b	040 $b
019@	$a	044 $c
018@	$a	006008 Pos. 18
004A	$f	020 $c
004A	$0	020 $a (ohne Bindestriche) $9
004P	$0	776 $z
005I	$f	222 $a
005I	$0	022 $a
004J	$0	776 $z
004K	$0	776 $oISBN(falsch)
004D	$f	020 $c
004D	$0	020 $a (ohne Bindestriche) $9
005A	$f	365 $b
005A	$0	022 $a
005P	$0	776 $x
005B	$0	022 $y
004F	$f	024 $c
004F	$0	024 $a (ohne Bindestriche)
004M	$0	027 $a
004I	$f	024 $c
004I	$0	024 $z (ohne Bindestriche)
006B	$0	016 $a $2UK
006A	$0	010 $a
004U	$0	024 $a $2urn856 $u $2urn
004V	$0	024 $a $2doi
004R	$0	024 $a $2hdl856 $u $2hdl
004W	$0	024 $a $2doi
006G	$0	016 $a $2DE-101
003O	$0	035 $a(OCoLC)
003T	$0	035 $a(OCoLC)
006T	$0	015 $a $2dnb
006U	$0	015 $a $2dnb
006Z	$0	016 $a $2DE-600
006S	$0	889 $w(DE-576)
006L	$0	035 $a
003D	$0	889 $w(DE-627)
007Y	$i	013 $a $c024 $q
007Y	$0	024 $a $z $2032 $a088 $a
007C	$0	030 $a
004L	$0	024 $a
004C	$0	024 $a
007D	$b	028 $b
007D	$f	028 $q
007D	$i	028
007D	$0	028 $a
007G	$i	035 $a(DE-599)Idn
007G	$0	035 $a(DE-599)Idn
029A	$9	110 $0(DE-627)111 $0(DE-627)
029A	$4	110 $4111 $4
029A	$7	110 $0(DE-588)111 $0(DE-588)
029A	$B	110 $e111 $j
029A	$T	880 $6
029A	$U	880 $6
029A	$b	110 $b111 $e710 $b
029A	$c	110 $c111 $c710 $c
029A	$d	110 $d111 $d710 $d
029A	$g	110 $g111 $g710 $g
029A	$n	110 $n111 $n710 $n
029A	$x	110 $g111 $g710 $g
029A	$a	110 $a111 $a710 $a
029G	$9	710 $0(DE-627)711 $0(DE-627)
029G	$4	710 $4711 $4
029G	$7	710 $0(DE-588)711 $0(DE-588)
029G	$B	710 $e711 $j
029G	$T	880 $6
029G	$U	880 $6
029G	$b	710 $b711 $e
029G	$c	711 $c
029G	$d	711 $d
029G	$g	710 $g711 $g
029G	$n	711 $n
029G	$a	710 $a711 $a
022A/00	$9	130 $0(DE-627)240 $0(DE-627)
022A/00	$7	130 $0(DE-588)240 $0(DE-588)
022A/00	$T	880 $6
022A/00	$U	880 $6
022A/00	$f	130 $f240 $f
022A/00	$g	130 $g240 $g
022A/00	$h	130 $o240 $o
022A/00	$k	130 $k240 $k
022A/00	$m	130 $m240 $m
022A/00	$n	130 $n240 $n
022A/00	$o	130 $o240 $o
022A/00	$p	130 $p240 $p
022A/00	$r	130 $r240 $r
022A/00	$s	130 $s240 $s
022A/00	$a	130 $a240 $a
022A/01	$9	240/700/711/710 $0(DE-627)
022A/01	$7	240/700/710/711 $0(DE-588)
022A/01	$T	880 $6
022A/01	$U	880 $6
022A/01	$f	240/700/710/711/730 $f
022A/01	$g	240/700/710/711/730 $g
022A/01	$h	240 $o
022A/01	$k	240/700/710/711 $k
022A/01	$m	240/700/710/711/730 $m
022A/01	$n	240/700/710/711/730 $n
022A/01	$o	240/700/710/711 $o
022A/01	$p	240/700/710/711/730 $p
022A/01	$r	240/700/710/711/730 $r
022A/01	$s	240/700/710/711/730 $s
022A/01	$a	240/730 $a700/710/711 $t
032W	$9	380 $0(DE-627)
032W	$2	380 $2
032W	$7	380 $0(DE-588)
032W	$a	380 $a
032V	$9	381 $0(DE-627)
032V	$2	381 $2
032V	$7	381 $0(DE-588)
032V	$u	381 $u
032V	$v	381 $v
032V	$a	381 $a
032X	$9	382 $0(DE-627)
032X	$2	382 $2
032X	$7	392 $0(DE-588)
032X	$n	382 $n
032X	$p	382 $p
032X	$s	382 $s
032X	$v	382 $v
032X	$a	382 $a
032Y	$2	383 $2
032Y	$b	383 $b
032Y	$c	383 $c
032Y	$d	383 $d
032Y	$e	383 $e
032Y	$a	383 $a
032Z	$a	384 $a
027A	$T	880 $6
027A	$U	880 $6
027A	$a	246 $a
021A	$T	880 $6
021A	$U	880 $6
021A	$d	245 $b $p
021A	$e	245 $a $p
021A	$h	245 $p $c
021A	$a	245 $a $p
021G	$T	880 $6
021G	$U	880 $6
021G	$d	245 $b $p246 $b
021G	$e	245 $b $p
021G	$a	245 $b $p246 $a
021C	$T	880 $6
021C	$U	880 $6
021C	$d	245 $p
021C	$e	245 $p
021C	$f	245 $p
021C	$h	245 $p
021C	$l	245 $n
021C	$a	245 $p
021M	$T	880 $6
021M	$U	880 $6
021M	$d	249 $a
021M	$h	249 $v
021M	$a	249 $a
021N	$T	880 $6
021N	$U	880 $6
021N	$a	249 $b $c
032@	$T	880 $6
032@	$U	880 $6
032@	$h	250 $b
032@	$a	250 $a
031@	$a	362 $a
035E	$T	880 $6
035E	$U	880 $6
035E	$g	034 $aa
035E	$a	255 $a
035F	$T	880 $6
035F	$U	880 $6
035F	$a	255 $b
035G	$T	880 $6
035G	$U	880 $6
035G	$b	255 $c
035G	$c	255 $c
035G	$d	255 $c
035G	$a	255 $c
035H	$a	255 $e
033A	$T	880 $6
033A	$U	880 $6
033A	$h	264 $c
033A	$n	264 $b
033A	$p	264 $a
033E	$T	880 $6
033E	$U	880 $6
033E	$h	264 $c
033E	$n	264 $b
033E	$p	264 $a
033D	$9	751 $0(DE-627)
033D	$4	751 $4
033D	$7	751 $0(DE-588)
033D	$T	880 $6
033D	$U	880 $6
033D	$p	751 $a
033C	$T	880 $6
033C	$U	880 $6
033C	$h	264 $c
033C	$n	264 $b
033C	$p	264 $a
033F	$T	880 $6
033F	$U	880 $6
033F	$h	264 $c
033F	$n	264 $b
033F	$p	264 $a
033H	$9	751 $0(DE-627)
033H	$7	751 $0(DE-588)
033H	$T	880 $6
033H	$U	880 $6
034D	$T	880 $6
034D	$U	880 $6
034D	$a	300 $a
034M	$T	880 $6
034M	$U	880 $6
034M	$a	300 $b
034I	$T	880 $6
034I	$U	880 $6
034I	$a	300 $c
034K	$T	880 $6
034K	$U	880 $6
034K	$a	300 $e
031A	$e	936 $e773 $g
031A	$b	936 $b773 $g
031A	$j	936 $j773 $g
031A	$c	936 $c773 $g
031A	$f	936 $f773 $g
031A	$h	936 $h773 $g
031A	$g	300 $a936 $g
031A	$d	936 $d773 $g
031A	$y	936 $y773 $g
047C	$T	880 $6
047C	$U	880 $6
047C	$a	246 $a
037A	$T	880 $6
037A	$U	880 $6
037A	$a	500 $a
037B	$T	880 $6
037B	$U	880 $6
037B	$a	242 $a518 $a
047P	$T	880 $6
047P	$U	880 $6
047P	$a	555 $a
037C	$T	880 $6
037C	$U	880 $6
037C	$d	502 $b
037C	$e	502 $c
037C	$f	502 $d
037C	$g	502 $g
037C	$a	502 $a
037F	$l	500 $a937 $b
037F	$p	500 $a937 $c
037F	$a	500 $a937 $a
046U	$a	521 $a
046V	$T	880 $6
046V	$U	880 $6
046V	$a	508 $a
046C	$T	880 $6
046C	$U	880 $6
046C	$i	246 $i
046C	$a	246 $a
046H	$T	880 $6
046H	$U	880 $6
046H	$a	500 $a
046K	$a	263 $a
046L	$T	880 $6
046L	$U	880 $6
046L	$a	546 $a
046N	$T	880 $6
046N	$U	880 $6
046N	$a	511 $a
046P	$T	880 $6
046P	$U	880 $6
046P	$a	515 $a
046X	$T	880 $6
046X	$U	880 $6
046X	$c	583 $c
046X	$z	583 $z
046X	$a	583 $a850 $a
037H	$T	880 $6
037H	$U	880 $6
037H	$a	256 $a
048H	$a	538 $a
039H	$9	775 $w(DE-627)
039H	$6	775 $o $w $x $z
039H	$7	775 $w(DE-600)
039H	$C	775 $w(Sigel)
039H	$T	880 $6
039H	$U	880 $6
039H	$a	775 $a
039H	$d	775 $d
039H	$e	775 $d
039H	$f	775 $d
039H	$g	775 $b
039H	$h	775 $h
039H	$l	775 $a
039H	$n	775 $n
039H	$p	775 $g
039H	$t	775 $t
039H	$i	775 $i
039I	$9	776 $w(DE-627)
039I	$6	776 $o $w $x $z
039I	$7	776 $w(DE-600)
039I	$C	776 $w(Sigel)
039I	$T	880 $6
039I	$U	880 $6
039I	$a	776 $a
039I	$d	776 $d
039I	$e	776 $d
039I	$f	776 $d
039I	$g	776 $b
039I	$h	776 $h
039I	$l	776 $a
039I	$n	776 $n
039I	$p	776 $g
039I	$t	776 $t
039I	$i	776 $i
037K	$a	290 $a
037L	$a	290 $b
037M	$a	935 $m
037N	$b	563 $a
037N	$c	589 $c
037N	$d	589 $d
037N	$e	583 $a
037N	$a	340 $a
037O	$b	581 $a
037O	$c	581 $a
037O	$a	581 $a
037P	$e	562 $b
037P	$m	562 $a
037P	$p	561 $a
037P	$s	562 $b
037Q	$5	563 $5
237A	$a	852 $z
220B	$a	866 $x
220C	$a	583 $a
220A	$b	562 $b936 $b
220A	$k	562 $c936 $k
220A	$p	561 $a936 $p
220A	$a	562 $a936 $a
220T	$9	936 $0(DE-627)
220T	$d	936 $d
220T	$k	936 $k
220T	$t	936 $t
017C	$3	856 $3
017C	$4	856 $z
017C	$m	856 $m
017C	$n	856 $n
017C	$q	856 $q
017C	$t	856 $t
017C	$v	856 $v
017C	$x	856 $x
017C	$y	856 $y
017C	$z	856 $z
017C	$u	856 $u
017K	$b	912 $b
017K	$c	912 $b
017K	$d	912 $b
017K	$a	912 $a
017L	$b	912 $b
017L	$c	912 $b
017L	$d	912 $b
017L	$a	912 $a
045F	$A	082 $q
045F	$e	082 $2
045F	$a	082 $a
045B/00	$a	084 $a $2asb
045B/01	$a	084 $a $2ssd
045B/02	$a	084 $a $2sfb
045B/03	$a	084 $a $2kab
045A	$a	050 $a
045C	$a	060 $a
045E	$a	084 $2sdnb
045G	$A	082 $q
045G	$a	082 $a
045V	$q	084 $q
045V	$i	084 $2
045V	$a	084 $a935 $sDE-16
045X	$a	084 $a
045X	$i	084 $2
045R	$9	936 $0936 $0(DE-627)
045R	$7	084 $0(DE-625)936 $0(DE-627)
045R	$a	084 $a936 $a
044N	$a	600/610/630/648/650/651/655 $a $x
046D	$T	880 $6
046D	$U	880 $6
046D	$i	247 $f
046D	$a	247 $a
046D	$z	247 $g
031N	$d	363 $a
031N	$e	363 $b
031N	$b	363 $k
031N	$c	363 $j
031N	$j	363 $i
031N	$n	363 $a
031N	$o	363 $b
031N	$l	363 $k
031N	$m	363 $j
031N	$k	363 $i
017D	$u	856 $u
017D	$m	856 $m
017D	$n	856 $n
017D	$q	856 $q
017D	$t	856 $t
017D	$v	856 $v
017D	$x	856 $x
017D	$y	856 $y
017D	$3	856 $3
017D	$4	856 $z
009@	$a	935 $h
009@	$b	090 $a935 $i
028A	$T	880 $6
028A	$U	880 $6
028A	$P	100 $a700 $a
028A	$a	100 $a700 $a
028A	$d	100 $a700 $a
028A	$c	100 $a700 $a
028A	$n	100 $b700 $b
028A	$l	100 $c700 $c
028A	$h	100 $d700 $d
028A	$9	100 $0(DE-627)
028A	$7	100 $0(DE-588)
028A	$B	100 $e
028A	$4	100 $4
046A	$T	880 $6
046A	$U	880 $6
046A	$i	246 $i
046A	$a	246 $a
029F	$T	880 $6
029F	$U	880 $6
029F	$9	710 $0(DE-627)711 $0(DE-627)
029F	$7	710 $0(DE-588)711 $0(DE-588)
029F	$a	710 $a711 $a
029F	$b	710 $b711 $e
029F	$n	711 $n
029F	$d	711 $d
029F	$c	711 $c
029F	$g	710 $g711 $g
029F	$B	710 $e711 $j
029F	$4	710 $4711 $4
044H	$a	937 $d
044H	$b	937 $e
044H	$c	937 $f
044S	$9	655 $0(DE-627)
044S	$a	655 $a
006X	$0	035 $a
017G	$u	856 $u
017G	$m	856 $m
017G	$n	856 $n
017G	$q	856 $q
017G	$t	856 $t
017G	$v	856 $v
017G	$x	856 $x
017G	$y	856 $y
017G	$3	856 $3
017G	$4	856 $z
028B/01	$T	880 $6
028B/01	$U	880 $6
028B/01	$P	700 $a
028B/01	$a	700 $a
028B/01	$d	700 $a
028B/01	$c	700 $a
028B/01	$l	700 $c
028B/01	$n	700 $b
028B/01	$h	700 $d
028B/01	$9	700 $0(DE-627)
028B/01	$7	700 $0(DE-588)
028B/01	$B	700 $e
028C	$T	880 $6
028C	$U	880 $6
028C	$P	700 $a
028C	$a	700 $a
028C	$d	700 $a
028C	$c	700 $a
028C	$n	700 $b
028C	$l	700 $c
028C	$h	700 $d
028C	$9	700 $0(DE-627)
028C	$7	700 $0(DE-588)
028C	$B	700 $e
028C	$4	700 $4
044A	$N	600/610/611/630/647/648/651/655 $N
044A	$a	600/610/611/630/647/648/651/655 $a $x653 $a
044A	$b	600/610/611/630/647/648/651/655 $b
044A	$c	600/610/611/630/647/648/651/655 $c
044A	$d	600/610/611/630/647/648/651/655 $d
044A	$e	600/610/611/630/647/648/651/655 $e
044A	$f	600/610/611/630/647/648/651/655 $f
044A	$g	600/610/611/630/647/648/651/655 $g
044A	$h	600/610/611/630/647/648/651/655 $h
044A	$j	600/610/611/630/647/648/651/655 $j
044A	$k	600/610/611/630/647/648/651/655 $k
044A	$l	600/610/611/630/647/648/651/655 $l
044A	$m	600/610/611/630/647/648/651/655 $m
044A	$n	600/610/611/630/647/648/651/655 $n
044A	$o	600/610/611/630/647/648/651/655 $o
044A	$p	600/610/611/630/647/648/651/655 $p
044A	$q	600/610/611/630/647/648/651/655 $q
044A	$r	600/610/611/630/647/648/651/655 $r
044A	$s	600/610/611/630/647/648/651/655 $s
044A	$t	600/610/611/630/647/648/651/655 $t
044A	$u	600/610/611/630/647/648/651/655 $u
044A	$v	600/610/611/630/647/648/651/655 $v
044A	$x	600/610/611/630/647/648/651/655 $x
044A	$y	600/610/611/630/647/648/651/655 $y
044A	$z	600/610/611/630/647/648/651/655 $z
044C	$N	600/610/611/630/647/648/651/655 $N
044C	$a	600/610/611/630/647/648/651/655 $a
044C	$b	600/610/611/630/647/648/651/655 $b
044C	$c	600/610/611/630/647/648/651/655 $c
044C	$d	600/610/611/630/647/648/651/655 $d
044C	$e	600/610/611/630/647/648/651/655 $e
044C	$f	600/610/611/630/647/648/651/655 $f
044C	$g	600/610/611/630/647/648/651/655 $g
044C	$h	600/610/611/630/647/648/651/655 $h
044C	$j	600/610/611/630/647/648/651/655 $j
044C	$k	600/610/611/630/647/648/651/655 $k
044C	$l	600/610/611/630/647/648/651/655 $l
044C	$m	600/610/611/630/647/648/651/655 $m
044C	$n	600/610/611/630/647/648/651/655 $n
044C	$o	600/610/611/630/647/648/651/655 $o
044C	$p	600/610/611/630/647/648/651/655 $p
044C	$q	600/610/611/630/647/648/651/655 $q
044C	$r	600/610/611/630/647/648/651/655 $r
044C	$s	600/610/611/630/647/648/651/655 $s
044C	$t	600/610/611/630/647/648/651/655 $t
044C	$u	600/610/611/630/647/648/651/655 $u
044C	$v	600/610/611/630/647/648/651/655 $v
044C	$x	600/610/611/630/647/648/651/655 $x
044C	$y	600/610/611/630/647/648/651/655 $y
044C	$z	600/610/611/630/647/648/651/655 $z
028E	$T	880 $6
028E	$U	880 $6
028E	$P	700 $a
028E	$a	700 $a
028E	$d	700 $a
028E	$c	700 $a
028E	$l	700 $c
028E	$n	700 $b
028E	$h	700 $d
028E	$9	700 $0(DE-627)
028E	$7	700 $0(DE-588)
028E	$B	700 $e
006N	$0	024 $a $2swets
007P	$T	880 $6
007P	$U	880 $6
007P	$S	026 $2
007P	$0	026 $e
007P	$A	026 $5
013G	$2	655 $2gnd-carrier
045Q/01	$9	936 $0(DE-627)
045Q/01	$a	084 $a $2bkl936 $a
045Q/01	$A	936 $q
047I	$T	880 $6
047I	$U	880 $6
047I	$a	520 $a
039B	$T	880 $6
039B	$U	880 $6
039B	$i	772 $i, wenn $iSupplement zu773 $i, wenn $i nicht Supplement zu
039B	$7	773 $w(DE-600)
039B	$9	773 $w(DE-627)
039B	$a	773 $a
039B	$l	773 $a
039B	$t	773 $t
039B	$g	773 $b
039B	$d	773 $d
039B	$e	773 $d
039B	$f	773 $d
039B	$p	773 $g
039B	$h	773 $h
039B	$C	773 $w(Sigel)
039B	$6	773 $o $w $x $z
039C	$T	880 $6
039C	$U	880 $6
039C	$i	770 $i
039C	$n	770 $n
039C	$7	770 $w(DE-600)
039C	$9	770 $w(DE-627)
039C	$a	770 $a
039C	$l	770 $a
039C	$t	770 $t
039C	$g	770 $b
039C	$d	770 $d
039C	$e	770 $d
039C	$f	770 $d
039C	$p	770 $g
039C	$h	770 $h
039C	$C	770 $w(Sigel)
039C	$6	770 $o $w $x $z
039D	$T	880 $6
039D	$U	880 $6
039D	$i	776 $i
039D	$n	776 $n
039D	$9	776 $w(DE-627)
039D	$a	776 $a
039D	$l	776 $a
039D	$t	776 $t
039D	$g	776 $b
039D	$d	776 $d
039D	$e	776 $d
039D	$f	776 $d
039D	$p	776 $g
039D	$h	776 $h
039D	$C	776 $w(Sigel)
039D	$6	776 $o $w $x $z
028G	$T	880 $6
028G	$U	880 $6
028G	$P	700 $a
028G	$a	700 $a
028G	$d	700 $a
028G	$c	700 $a
028G	$n	700 $b
028G	$l	700 $c
028G	$h	700 $d
028G	$9	700 $0(DE-627)
028G	$7	700 $0(DE-588)
028G	$B	700 $e
028G	$4	700 $4
039E	$T	880 $6
039E	$U	880 $6
039E	$i	780785787 $i
039E	$7	787 $2(DE-600)
039E	$9	787 $w(DE-627)
039E	$a	787 $a
039E	$l	787 $a
039E	$t	787 $t
039E	$g	787 $b
039E	$d	787 $d
039E	$e	787 $d
039E	$f	787 $d
039E	$p	787 $g
039E	$h	787 $h
039E	$C	787 $w(Sigel)
039E	$6	787 $o $w $x $z
092B	$5	561 $5
092B	$2	561 $3 mit Vortext "Exemplarsatz-ID:_"
092B	$3	561 $3 mit Vortext "Signatur:_"
092B	$S	561 $a
092B	$a	561 $a
092B	$9	561 $a
092B	$8	561 $a
092B	$b	561 $a
092B	$c	561 $a
092B	$k	561 $a
092B	$C	561 $u
092B	$6	561 $u
045Y	$a	935 $sDE-84
039D	$7	776 $w(DE-600)
006V	$0	024 $a $2vd16
006W	$0	024 $a $2vd17
006M	$0	024 $a $2vd18
007S	$T	880 $6
007S	$U	880 $6
007S	$S	935 $f
007S	$0	510 $a935 $e
007S	$p	935 $g
046E	$T	880 $6
046E	$U	880 $6
046E	$a	500 $a
029E	$T	880 $6
029E	$U	880 $6
029E	$a	710 $a711 $a
029E	$b	710 $b711 $e
029E	$n	711 $n
029E	$d	711 $d
029E	$c	711 $c
029E	$g	710 $g711 $g
029E	$9	710 $0(DE-627)711 $0(DE-627)
029E	$7	710 $0(DE-588)711 $0(DE-588)
029E	$B	710 $e711 $j
022S	$a	243 $a
022S	$r	243 $a
025@	$T	880 $6
025@	$U	880 $6
025@	$a	246 $i $a
033B/01	$T	880 $6
033B/01	$U	880 $6
033B/05	$T	880 $6
033B/05	$U	880 $6
033B/05	$p	264 $a
033B/05	$n	264 $b
033B/05	$h	264 $c
033J	$T	880 $6
033J	$U	880 $6
033J	$P	700 $a
033J	$a	700 $a710 $a
033J	$d	700 $a
033J	$c	700 $a
033J	$n	700 $b710 $n
033J	$l	700 $c
033J	$g	700 $g710 $g
033J	$u	700 $a710 $a
033J	$9	700 $0(DE-627)710 $0(DE-627)
033J	$7	700 $0(DE-588)710 $0(DE-588)
046M	$T	880 $6
046M	$U	880 $6
046M	$a	501 $a505 $t
046M	$d	501 $a505 $t
046M	$f	501 $a505 $t
046M	$h	501 $a505 $r
046M	$r	501 $a
046M	$u	501 $a505 $a
046M	$g	501 $a505 $g
046M	$l	501 $a505 $g
046M	$p	501 $a505 $g
044A	$A	600/610/611/630/647/648/651/655 $A
044C	$A	600/610/611/630/647/648/651/655 $A
044K/00	$T	880 $6
044K/00	$U	880 $6
044K/00	$9	689 $0(DE-627)
044K/00	$7	689 $0(DE-588)
044K/00	$a	689 $t
044K/00	$z	689 $a
044K/00	$g	689 $a $g
044K/00	$A	689 $5
041A/00	$9	689 $0(DE-627)
041A/00	$7	689 $0(DE-588)
041A/00	$a	689 $t
041A/00	$z	689 $a
041A/00	$g	689 $a
017H	$u	856 $u
017H	$m	856 $m
017H	$n	856 $n
017H	$q	856 $q
017H	$t	856 $t
017H	$v	856 $v
017H	$x	856 $x
017H	$y	856 $y
017H	$z	856 $z
017H	$3	856 $3
017H	$4	856 $z
026C	$T	880 $6
026C	$U	880 $6
026C	$a	210 $a $2din1502
031C	$a	505 $a
031C	$y	505 $a
041A/00	$A	689 $5
036E/00	$T	880 $6
036E/00	$U	880 $6
036E/00	$a	245 $a490 $a
036E/00	$h	245 $c490 $a
036E/00	$l	245 $n490 $v
036E/00	$p	245 $p490 $a
036E/00	$h	245 $p490 $a
036E/00	$m	245 $n490 $v
036F/00	$T	880 $6
036F/00	$U	880 $6
036F/00	$X	773 $q800/810/811/830 $9
036F/00	$9	773 $w(DE-627)800/810/811/830 $w(DE-627)
036F/00	$7	773 $w(DE-600)800/810/811/830 $w(DE-600)
036F/00	$l	245 $n773 $g800/810/811/830 $v
036C/00	$T	880 $6
036C/00	$U	880 $6
036C/00	$a	245 $a490 $a
036C/00	$e	245 $a $b490 $a
036C/00	$d	245 $b490 $a
036C/00	$f	245 $b490 $a
036C/00	$h	245 $c490 $a
036C/00	$l	245 $n490 $v
036C/01	$T	880 $6
036C/01	$U	880 $6
036C/01	$m	245 $n490 $a800/810/811/830 $n
036C/01	$a	245 $p246 $a490 $a800/810/811/830 $p
036C/01	$e	245 $p490 $a
036C/01	$d	245 $p490 $a
036C/01	$f	245 $p490 $a
036C/01	$h	245 $p490 $a
036C/01	$l	245 $n490 $v800/810/811/830 $p
036D	$T	880 $6
036D	$U	880 $6
036D	$X	773 $q800/810/811/830 $9
036D	$9	773 $w(DE-627)800/810/811/830 $w(DE-627)
036D	$7	800/810/811/830 $w(DE-101
036D	$l	773 $g800/810/811/830 $v
045D/00	$9	650 $0(DE-627)
045D/00	$7	650 $0(DE-STW)
045D/00	$a	650 $a
017M	$b	540 $q
017M	$a	540 $a
017M	$c	540 $f
017M	$g	540 $2
017M	$z	540 $z
044L/00	$T	880 $6
044L/00	$U	880 $6
044L/00	$9	600/610/611/630/648/650/651 $0(DE-627)
044L/00	$7	600/610/611/630/648/650/651 $0(DE-588)
044L/00	$a	600/610/611/630/648/650/651 $a $2gnd
044L/00	$g	600/610/611/630/648/650 $g651 $a
011B	$a	533 $d $7
011B	$b	533 $d $7
011B	$n	533 $d
032C	$T	880 $6
032C	$U	880 $6
032C	$a	533 $a
033N	$T	880 $6
033N	$U	880 $6
033N	$p	533 $b
033N	$n	533 $c
033O	$T	880 $6
033O	$U	880 $6
033O	$p	533 $b
033O	$n	533 $c
009A	$c	535 $a775 $n776 $n
009A	$d	535 $a775 $n776 $n
009A	$a	535 $3775 $n776 $n
033Q	$T	880 $6
033Q	$U	880 $6
033Q	$a	533 $e
036L/00	$T	880 $6
036L/00	$U	880 $6
036L/00	$a	533 $f
036L/00	$h	533 $f
036L/00	$l	533 $f
036L/00	$p	533 $f
036L/00	$h	533 $f
036L/00	$m	533 $f
036M/00	$T	880 $6
046X	$3	583 $3
036M/00	$U	880 $6
036M/00	$9	776 $w(DE-627)
036M/00	$7	776 $w(DE-600)
046X	$f	583 $f
046X	$h	583 $h
046X	$k	583 $k
046X	$l	583 $l
046X	$5	583 $5
037G	$T	880 $6
037G	$U	880 $6
037G	$a	530 $a533 $n
039S	$T	880 $6
039S	$U	880 $6
039S	$i	787 $i
039S	$7	787 $w(DE-600)
039S	$9	787 $w(DE-627)
039S	$a	787 $a
039S	$l	787 $a
039S	$t	787 $t
039S	$d	787 $d
039S	$e	787 $d
039S	$f	787 $d
039S	$C	787 $w(Sigel)
039S	$6	787 $o $w $x $z
039M	$T	880 $6
039M	$U	880 $6
039M	$i	775 $i
039M	$n	775 $n
039M	$7	775 $w(DE-600)
039M	$9	775 $w(DE-627)
039M	$a	775 $a
039M	$l	775 $a
039M	$t	775 $t
039M	$g	775 $b
039M	$d	775 $d
039M	$e	775 $d
039M	$f	775 $d
039M	$p	775 $g
039M	$h	775 $h
039M	$C	775 $w(Sigel)
039M	$6	775 $o $w $x $z
039N	$T	880 $6
039N	$U	880 $6
039N	$i	787 $i
039N	$n	787 $n
039N	$7	787 $w(DE-600)
039N	$9	787 $w(DE-627)
039N	$a	787 $a
039N	$l	787 $a
039N	$t	787 $t
039N	$g	787 $b
039N	$d	787 $d
039N	$e	787 $d
039N	$f	787 $d
039N	$p	787 $g
039N	$h	787 $h
039N	$C	787 $w(Sigel)
039N	$6	787 $o $w $x $z
039P	$T	880 $6
039P	$U	880 $6
039P	$i	787 $i
039P	$n	787 $n
039P	$7	787 $w(DE-600)
039P	$9	787 $w(DE-627)
039P	$a	787 $a
039P	$l	787 $a
039P	$t	787 $t
039P	$g	787 $b
039P	$d	787 $d
039P	$e	787 $d
039P	$f	787 $d
039P	$p	787 $g
039P	$h	787 $h
039P	$C	787 $w(Sigel)
039P	$6	787 $o $w $x $z
039Q	$T	880 $6
039Q	$U	880 $6
039Q	$i	787 $i
039Q	$n	787 $n
039Q	$7	787 $w(DE-600)
039Q	$9	787 $w(DE-627)
039Q	$a	787 $a
039Q	$l	787 $a
039Q	$t	787 $t
039Q	$g	787 $b
039Q	$d	787 $d
039Q	$e	787 $d
039Q	$f	787 $d
039Q	$p	787 $g
039Q	$h	787 $h
039Q	$C	787 $w(Sigel)
039Q	$6	787 $o $w $x $z
047B	$a	591 $a
007P	$0	026 $e
010@	$a	008041 $a
028C	$9	700 $0(DE-627)
028G	$9	700 $0(DE-627)
046X	$a	583 $a850 $a
046X	$z	583 $z
039B	$i	773 $i
039B	$a	773 $a
039B	$C	773 $w(Sigel)
039B	$6	773 $o $w $x $z
039C	$i	770 $i
039C	$a	770 $a
039C	$C	770 $w(Sigel)
039C	$6	770 $o $w $x $z
237A	$a	852 $z
017R	$b	506 $q
017R	$a	506 $a
017R	$g	506 $e
017R	$u	506 $u
017M	$u	540 $u
044N	$T	880 $6
044N	$U	880 $6
037Q	$2	563 $3
037Q	$3	563 $3
037Q	$S	563 $a
037Q	$a	563 $a
037Q	$9	700/710 $0(DE-627)
037Q	$b	563 $a
037Q	$c	563 $a
037Q	$d	563 $a
037Q	$k	563 $a
037Q	$C	563 $u
037Q	$6	563 $u
037Q	$u	563 $u
037R	$S	938 $S
037R	$a	938 $a
037R	$9	938 $0(DE-627)
037R	$7	938 $0(DE-588)
037R	$b	938 $b
037R	$k	938 $k
005I	$l	022 $l
005I	$m	022 $m
005A	$l	022 $l
005A	$m	022 $m
009@	$b	090 $a935 $i
022A/01	$a	240/730 $a700/710/711 $t
071A	$c	700 $a
071A	$a	700 $a
071A	$P	700 $a
071A	$n	700 $b
071A	$l	700 $c
071A	$9	700 $0(DE-627)
071A	$B	700 $e
072A	$c	700 $a
072A	$a	700 $a
072A	$P	700 $a
072A	$n	700 $b
072A	$l	700 $c
072A	$9	700 $0(DE-627)
072A	$B	700 $e
073A	$c	700 $a
073A	$a	700 $a
073A	$P	700 $a
073A	$n	700 $b
073A	$l	700 $c
073A	$9	700 $0(DE-627)
073A	$B	700 $e
074A	$c	700 $a
074A	$a	700 $a
074A	$P	700 $a
074A	$n	700 $b
074A	$l	700 $c
074A	$9	700 $0(DE-627)
074A	$B	700 $e
075A	$c	700 $a
075A	$a	700 $a
075A	$P	700 $a
075A	$n	700 $b
075A	$l	700 $c
075A	$9	700 $0(DE-627)
075A	$B	700 $e
071B	$a	700 $a
072B	$a	700 $a
073B	$a	700 $a
074B	$a	700 $a
075B	$a	700 $a
071C	$a	700 $a
072C	$a	700 $a
073C	$a	700 $a
074C	$a	700 $a
075C	$a	700 $a
036C/00	$l	245 $n490 $v
036D	$X	773 $q800/810/811/830 $9
036D	$l	773 $g800/810/811/830 $v
039D	$i	776 $i
039D	$C	773 $w(Sigel)
039D	$6	773 $o $w $x $z
092B	$d	561 $a
092B	$u	561 $u
037R	$c	938 $c
037R	$d	938 $d
037R	$u	938 $u
039E	$i	780785787 $i
039E	$C	787 $w(Sigel)
039E	$6	787 $o $w $x $z
039N	$i	787 $i
039N	$C	787 $w(Sigel)
039N	$6	787 $o $w $x $z
017D	$u	856 $u
017D	$x	856 $x
017D	$4	856 $z
017H	$u	856 $u
017H	$x	856 $x
017H	$4	856 $z
032X	$e	382 $e
032X	$t	382 $t
031A	$i	936 $f773 $g
031A	$k	936 $f773 $g
031A	$l	936 $f773 $g
017R	$f	506 $f
017R	$z	506 $g
017R	$2	506 $2
045N	$a	084 $a936 $a
045N	$9	936 $0936 $0(DE-627)
045N	$j	936 $j
045N/01	$a	084 $a936 $a
045N/01	$9	936 $0936 $0(DE-627)
045N/01	$j	936 $j
045N/02	$a	084 $a936 $a
045N/02	$9	936 $0936 $0(DE-627)
045N/02	$j	936 $j
045D/60	$9	938 $0(DE-588)938 $0(DE-627)
045D/70	$9	938 $0(DE-588)938 $0(DE-627)
046G	$a	500 $a
046T	$a	500 $a
046X	$u	583 $u
045T	$9	936 $0936 $0(DE-627)
045T	$7	084 $0(DE-625)936 $0(DE-627)
045T	$a	084 $a936 $a
007P	$S	026 $2
010@	$b	041 $k
010@	$d	041 $b
010@	$e	041 $g
010@	$f	041 $j
010@	$b	041 $k
046X	$i	583 $i
013D	$A	936 $q
013F	$A	936 $q
013G	$A	936 $q
